{
    "rmse": 2307386.1985776364,
    "mae": 1115789.3241918785,
    "feature_importance_gain": {
        "Country": 27.513553619384766,
        "Start Month": 5.480760097503662,
        "Start Year": 7.509902477264404,
        "Severity": 3.578906774520874
    },
    "n_samples": 383
}