{
    "rmse": 1165064.0338986472,
    "mae": 346219.29545430274,
    "feature_importance_gain": {
        "Country": 324.42047119140625,
        "Start Month": 60.428565979003906,
        "Start Year": 74.59564971923828,
        "Severity": 34.99411392211914
    },
    "n_samples": 383
}