{
    "rmse": 511226.03674592206,
    "mae": 153690.19878811305,
    "feature_importance_gain": {
        "Country": 20.9807186126709,
        "Start Month": 8.49099349975586,
        "Start Year": 8.831841468811035,
        "Severity": 7.699716567993164
    },
    "n_samples": 715
}