{
    "rmse": 3224938.2567260903,
    "mae": 751166.4027142557,
    "feature_importance_gain": {
        "Country": 226.50367736816406,
        "Start Month": 61.83896255493164,
        "Start Year": 73.7314224243164,
        "Severity": 55.35093307495117
    },
    "n_samples": 715
}