{
    "rmse": 106148.04676604074,
    "mae": 21459.864577526263,
    "feature_importance_gain": {
        "Country": 84.3244857788086,
        "Start Month": 19.606128692626953,
        "Start Year": 23.870431900024414,
        "Severity": 21.681541442871094
    },
    "n_samples": 570
}