{
    "rmse": 648730.1374764623,
    "mae": 103269.12996666536,
    "feature_importance_gain": {
        "Country": 43.25346374511719,
        "Start Month": 17.70659065246582,
        "Start Year": 19.29855728149414,
        "Severity": 11.641107559204102
    },
    "n_samples": 570
}