{
    "rmse": 4674201.21145995,
    "mae": 511334.56330950314,
    "feature_importance_gain": {
        "Country": 149.32728576660156,
        "Start Month": 18.6975040435791,
        "Start Year": 26.87676429748535,
        "Severity": 39.39491271972656
    },
    "n_samples": 4362
}