{
    "rmse": 993173.3086114976,
    "mae": 179284.70160024092,
    "feature_importance_gain": {
        "Country": 604.5966796875,
        "Start Month": 75.3833999633789,
        "Start Year": 148.65782165527344,
        "Severity": 138.34925842285156
    },
    "n_samples": 4362
}