{
    "rmse": 14381.137683034858,
    "mae": 4761.97706882675,
    "feature_importance_gain": {
        "Country": 66.3436050415039,
        "Start Month": 18.918203353881836,
        "Start Year": 25.358726501464844,
        "Severity": 21.528982162475586
    },
    "n_samples": 513
}