{
    "rmse": 43306.25880630516,
    "mae": 9566.147600221946,
    "feature_importance_gain": {
        "Country": 53.15486526489258,
        "Start Month": 16.32688331604004,
        "Start Year": 19.353839874267578,
        "Severity": 19.690319061279297
    },
    "n_samples": 513
}