{
    "rmse": 4908260.981142733,
    "mae": 452213.81933434086,
    "feature_importance_gain": {
        "Country": 240.5149383544922,
        "Start Month": 39.27256393432617,
        "Start Year": 39.97820281982422,
        "Severity": 63.40411376953125
    },
    "n_samples": 2967
}