{
    "rmse": 7233093.4068862675,
    "mae": 969617.368323895,
    "feature_importance_gain": {
        "Country": 433.8538513183594,
        "Start Month": 65.05288696289062,
        "Start Year": 111.0656967163086,
        "Severity": 146.42739868164062
    },
    "n_samples": 2967
}