{
    "rmse": 137465.16902257098,
    "mae": 42540.37921688619,
    "feature_importance_gain": {
        "Country": 1.386009931564331,
        "Start Month": 0.5974544882774353,
        "Start Year": 0.5903199315071106,
        "Severity": 0.33745133876800537
    },
    "n_samples": 138
}