{
    "rmse": 131029.08777802474,
    "mae": 58485.70327976774,
    "feature_importance_gain": {
        "Country": 12.748685836791992,
        "Start Month": 3.710853338241577,
        "Start Year": 4.105434894561768,
        "Severity": 6.156954288482666
    },
    "n_samples": 138
}