{
    "rmse": 4965084.530790172,
    "mae": 1373356.335587744,
    "feature_importance_gain": {
        "Country": 48.5938606262207,
        "Start Month": 16.801393508911133,
        "Start Year": 31.849592208862305,
        "Severity": 20.895387649536133
    },
    "n_samples": 356
}