{
    "rmse": 109300.59734021912,
    "mae": 28024.30620034535,
    "feature_importance_gain": {
        "Country": 65.51991271972656,
        "Start Month": 16.961009979248047,
        "Start Year": 30.833101272583008,
        "Severity": 15.691991806030273
    },
    "n_samples": 356
}