{
    "rmse": 3690802.613296942,
    "mae": 403753.77928362234,
    "feature_importance_gain": {
        "Country": 344.1477966308594,
        "Disaster Type": 169.88058471679688,
        "Start Month": 59.219520568847656,
        "Start Year": 94.8956298828125,
        "Severity": 90.27246856689453
    }
}