{
    "rmse": 5245673.033287074,
    "mae": 547619.1753553845,
    "feature_importance_gain": {
        "Country": 145.2310791015625,
        "Disaster Type": 174.35122680664062,
        "Start Month": 26.05040740966797,
        "Start Year": 29.9252986907959,
        "Severity": 44.59537887573242
    }
}